Atelectasis_auc,Cardiomegaly_auc,Consolidation_auc,Edema_auc,Enlarged Cardiomediastinum_auc,Fracture_auc,Lung Lesion_auc,Lung Opacity_auc,Pleural Effusion_auc,Pleural Other_auc,Pneumonia_auc,Pneumothorax_auc,Support Devices_auc,auc_average,auc_median,Atelectasis_pr_auc,Cardiomegaly_pr_auc,Consolidation_pr_auc,Edema_pr_auc,Enlarged Cardiomediastinum_pr_auc,Fracture_pr_auc,Lung Lesion_pr_auc,Lung Opacity_pr_auc,Pleural Effusion_pr_auc,Pleural Other_pr_auc,Pneumonia_pr_auc,Pneumothorax_pr_auc,Support Devices_pr_auc,pr_auc_average,pr_auc_median,sub_auc_average,sub_auc_median,sub_pr_auc_average,sub_pr_auc_median
0.8455228158679202,0.824190089829035,0.8843601895734597,0.9065684592876603,0.7800925086159985,0.5707452165156093,0.6081258191349935,0.9091548026671472,0.9533302919708029,0.6535984848484848,0.867737003058104,0.961854103343465,0.955870317909978,0.8247038540478968,0.8566299094630121,0.6260295074746702,0.6812239025901751,0.4532811981886023,0.5354001825478245,0.675561010595884,0.010268420843878662,0.029240456069380513,0.8797421741761302,0.8378920352652505,0.015668598843974632,0.3011923312351745,0.3018152748523986,0.9521708490515782,0.48457584167191714,0.5099880121098708,0.8827943693057756,0.8843601895734597,0.6267653652133045,0.6260295074746702
